TalhaoID,AgricultorID,NomeTalhao,Cultura,AreaHectares,Latitude,Longitude,Safra
1,1,Talhão 001,Milho,70.7,-9.90492,-58.05185,2025/2026
2,1,Talhão 002,Soja,503.4,-9.46929,-57.72378,2024/2025
3,1,Talhão 003,Soja,414.9,-9.77577,-57.6062,2023/2024
4,2,Talhão 004,Milho,112.9,-9.89653,-52.58053,2023/2024
5,3,Talhão 005,Algodão,808.4,-16.84146,-54.50074,2023/2024
6,3,Talhão 006,Soja,582.4,-16.55345,-53.94569,2023/2024
7,3,Talhão 007,Soja,360.3,-16.77721,-54.05147,2023/2024
8,4,Talhão 008,Soja,482.0,-14.0453,-57.54462,2024/2025
9,4,Talhão 009,Algodão,650.5,-14.06293,-57.64121,2023/2024
10,4,Talhão 010,Soja,709.2,-13.65313,-57.58739,2023/2024
11,5,Talhão 011,Soja,254.8,-13.68371,-54.6224,2025/2026
12,5,Talhão 012,Milho,633.6,-13.79709,-54.65279,2023/2024
13,6,Talhão 013,Algodão,437.7,-14.98546,-59.1939,2024/2025
14,7,Talhão 014,Milho,122.5,-14.00836,-51.67791,2025/2026
15,7,Talhão 015,Algodão,310.7,-13.96228,-51.87046,2023/2024
16,7,Talhão 016,Algodão,338.8,-13.86543,-51.56924,2023/2024
17,8,Talhão 017,Soja,105.8,-16.00874,-49.26535,2023/2024
18,8,Talhão 018,Milho,580.4,-15.93876,-49.55532,2023/2024
19,9,Talhão 019,Soja,623.2,-14.24056,-51.87615,2024/2025
20,9,Talhão 020,Milho,634.7,-14.20382,-52.17279,2023/2024
21,9,Talhão 021,Milho,63.7,-14.13211,-51.93442,2023/2024
22,10,Talhão 022,Soja,280.0,-12.93483,-46.67044,2025/2026
23,10,Talhão 023,Milho,207.9,-12.94354,-46.76296,2023/2024
24,10,Talhão 024,Soja,580.6,-13.02661,-46.76013,2025/2026
25,11,Talhão 025,Soja,483.7,-15.28839,-48.85916,2024/2025
26,12,Talhão 026,Soja,825.5,-17.29208,-51.6485,2023/2024
27,12,Talhão 027,Milho,365.7,-17.79092,-51.96186,2023/2024
28,12,Talhão 028,Soja,359.4,-17.25082,-52.05695,2024/2025
29,13,Talhão 029,Soja,650.9,-13.7852,-48.31033,2025/2026
30,13,Talhão 030,Soja,104.9,-13.46974,-48.12332,2023/2024
31,13,Talhão 031,Soja,593.4,-13.66058,-48.63534,2025/2026
32,14,Talhão 032,Soja,589.1,-15.27119,-50.34121,2023/2024
33,14,Talhão 033,Milho,347.2,-14.8408,-49.87212,2023/2024
34,15,Talhão 034,Soja,351.9,-16.12667,-49.45345,2025/2026
35,16,Talhão 035,Soja,762.9,-16.53785,-50.23518,2024/2025
36,16,Talhão 036,Soja,626.9,-16.91502,-49.90003,2024/2025
37,17,Talhão 037,Soja,563.3,-25.15006,-53.02429,2025/2026
38,17,Talhão 038,Trigo,199.7,-25.32666,-53.49048,2025/2026
39,18,Talhão 039,Soja,303.5,-25.42526,-51.52952,2023/2024
40,19,Talhão 040,Trigo,312.3,-24.85741,-52.41919,2023/2024
41,19,Talhão 041,Soja,756.3,-25.48809,-52.06931,2024/2025
42,20,Talhão 042,Milho,194.6,-23.43889,-52.9733,2024/2025
43,21,Talhão 043,Milho,278.2,-22.77861,-49.3138,2025/2026
44,22,Talhão 044,Trigo,202.1,-25.69736,-49.9716,2025/2026
45,23,Talhão 045,Soja,470.7,-25.72366,-49.29066,2025/2026
46,23,Talhão 046,Trigo,284.7,-26.03326,-49.72248,2025/2026
47,24,Talhão 047,Trigo,192.9,-25.15651,-49.17833,2023/2024
48,24,Talhão 048,Soja,392.2,-24.77994,-48.91117,2023/2024
49,25,Talhão 049,Trigo,262.3,-24.797,-48.34314,2025/2026
50,25,Talhão 050,Soja,463.8,-24.46696,-47.98051,2025/2026
51,26,Talhão 051,Trigo,158.6,-24.34103,-52.2812,2023/2024
52,27,Talhão 052,Trigo,223.0,-29.92441,-54.35102,2023/2024
53,27,Talhão 053,Soja,675.0,-29.94201,-54.24739,2025/2026
54,27,Talhão 054,Milho,352.0,-29.70502,-54.16803,2023/2024
55,28,Talhão 055,Milho,629.8,-31.28999,-56.82561,2024/2025
56,28,Talhão 056,Soja,647.5,-31.25644,-57.27897,2023/2024
57,28,Talhão 057,Milho,230.3,-31.04434,-57.12119,2023/2024
58,29,Talhão 058,Soja,169.3,-31.69803,-51.39949,2025/2026
59,29,Talhão 059,Soja,110.7,-31.5746,-51.50542,2024/2025
60,29,Talhão 060,Soja,223.4,-31.56581,-51.25187,2025/2026
61,30,Talhão 061,Milho,535.9,-30.08189,-56.70401,2023/2024
62,30,Talhão 062,Trigo,126.8,-30.1591,-57.10597,2024/2025
63,31,Talhão 063,Milho,416.9,-32.59001,-56.50468,2023/2024
64,31,Talhão 064,Trigo,113.6,-32.42687,-56.72546,2024/2025
65,32,Talhão 065,Trigo,56.8,-28.91412,-56.48898,2024/2025
66,33,Talhão 066,Soja,248.5,-31.76848,-57.09705,2023/2024
67,33,Talhão 067,Trigo,294.8,-31.56315,-57.05967,2025/2026
68,33,Talhão 068,Milho,516.9,-31.55552,-57.06249,2024/2025
69,34,Talhão 069,Soja,120.0,-30.56377,-56.43032,2023/2024
70,34,Talhão 070,Milho,552.1,-30.452,-56.44911,2023/2024
71,34,Talhão 071,Milho,558.7,-30.80416,-56.56953,2024/2025
72,35,Talhão 072,Milho,629.5,-24.15127,-51.62155,2023/2024
73,35,Talhão 073,Milho,389.1,-24.01777,-51.29751,2025/2026
74,36,Talhão 074,Cana-de-açúcar,554.4,-22.29452,-50.47288,2025/2026
75,37,Talhão 075,Café,53.5,-20.54091,-51.3414,2025/2026
76,38,Talhão 076,Café,39.6,-22.8066,-46.34519,2025/2026
77,38,Talhão 077,Café,33.5,-22.96275,-46.47249,2024/2025
78,39,Talhão 078,Café,64.8,-23.25255,-47.8559,2024/2025
79,39,Talhão 079,Café,25.5,-23.47644,-47.59726,2024/2025
80,40,Talhão 080,Milho,437.9,-20.82558,-50.476,2024/2025
81,40,Talhão 081,Cana-de-açúcar,673.3,-21.30035,-50.56322,2023/2024
82,40,Talhão 082,Café,10.6,-21.47377,-50.85434,2023/2024
83,41,Talhão 083,Café,18.5,-24.54128,-49.08377,2024/2025
84,41,Talhão 084,Cana-de-açúcar,1342.1,-24.29674,-49.69066,2025/2026
85,42,Talhão 085,Soja,684.7,-15.62236,-42.66466,2024/2025
86,42,Talhão 086,Milho,243.3,-15.36837,-42.73028,2025/2026
87,42,Talhão 087,Soja,107.6,-15.10826,-42.961,2023/2024
88,43,Talhão 088,Café,8.2,-19.72182,-41.63055,2024/2025
89,44,Talhão 089,Café,60.7,-19.82999,-47.50473,2025/2026
90,44,Talhão 090,Café,32.2,-20.00028,-47.48892,2024/2025
91,44,Talhão 091,Café,12.1,-20.26533,-47.72694,2025/2026
92,45,Talhão 092,Soja,450.1,-16.01391,-47.75982,2024/2025
93,45,Talhão 093,Soja,314.6,-15.89496,-47.72379,2025/2026
94,45,Talhão 094,Soja,523.8,-16.0557,-47.25239,2024/2025
95,46,Talhão 095,Milho,462.6,-18.2875,-47.32243,2024/2025
96,46,Talhão 096,Milho,266.7,-18.16261,-46.78589,2024/2025
97,46,Talhão 097,Milho,500.9,-18.42995,-46.72467,2025/2026
98,47,Talhão 098,Soja,746.8,-17.15404,-43.80341,2025/2026
99,48,Talhão 099,Milho,622.6,-20.43463,-42.52822,2025/2026
100,48,Talhão 100,Soja,691.5,-20.27708,-42.3309,2023/2024
101,49,Talhão 101,Soja,462.0,-13.40392,-38.72892,2024/2025
102,49,Talhão 102,Algodão,465.4,-13.49407,-39.1798,2025/2026
103,49,Talhão 103,Cana-de-açúcar,1232.1,-13.49976,-39.26436,2024/2025
104,50,Talhão 104,Cana-de-açúcar,860.0,-16.79504,-40.29227,2024/2025
105,50,Talhão 105,Soja,496.0,-16.51865,-40.35054,2024/2025
106,50,Talhão 106,Algodão,884.6,-16.73189,-40.4012,2024/2025
107,51,Talhão 107,Cana-de-açúcar,1572.2,-13.35465,-45.81421,2025/2026
108,51,Talhão 108,Cana-de-açúcar,631.4,-13.63113,-45.2486,2023/2024
109,51,Talhão 109,Cana-de-açúcar,1470.1,-13.69064,-45.73922,2025/2026
110,52,Talhão 110,Soja,733.3,-15.93849,-40.25718,2024/2025
111,53,Talhão 111,Algodão,447.2,-9.61136,-38.46743,2023/2024
112,53,Talhão 112,Soja,191.4,-9.47065,-38.89079,2024/2025
113,53,Talhão 113,Algodão,334.7,-9.41788,-38.80915,2025/2026
114,54,Talhão 114,Algodão,498.1,-10.55243,-43.1853,2025/2026
115,54,Talhão 115,Soja,423.1,-10.49385,-42.7186,2024/2025
116,54,Talhão 116,Soja,595.3,-10.85006,-43.03862,2024/2025
117,55,Talhão 117,Soja,734.1,-18.12601,-43.74362,2024/2025
118,56,Talhão 118,Cana-de-açúcar,1404.3,-11.5213,-45.68762,2025/2026
119,57,Talhão 119,Algodão,596.7,-16.01238,-39.73232,2025/2026
120,57,Talhão 120,Cana-de-açúcar,1365.6,-16.04704,-39.60459,2025/2026
121,57,Talhão 121,Algodão,347.1,-16.17824,-39.83127,2025/2026
122,58,Talhão 122,Soja,479.4,-11.71638,-41.17579,2024/2025
123,58,Talhão 123,Soja,824.2,-12.14922,-41.14785,2023/2024
124,58,Talhão 124,Soja,820.7,-12.25729,-41.08058,2025/2026
125,59,Talhão 125,Milho,289.6,-18.16751,-54.15231,2024/2025
126,60,Talhão 126,Soja,571.6,-21.75424,-54.49532,2025/2026
127,60,Talhão 127,Milho,472.0,-22.11735,-54.78856,2023/2024
128,60,Talhão 128,Milho,697.4,-22.11773,-54.65594,2025/2026
129,61,Talhão 129,Cana-de-açúcar,1203.6,-19.75628,-57.37265,2024/2025
130,61,Talhão 130,Cana-de-açúcar,741.8,-19.71,-57.8082,2024/2025
131,61,Talhão 131,Soja,410.3,-19.71068,-57.23228,2023/2024
132,62,Talhão 132,Soja,824.9,-22.89587,-55.33548,2023/2024
133,62,Talhão 133,Cana-de-açúcar,457.6,-23.11253,-55.23264,2023/2024
134,63,Talhão 134,Soja,523.2,-23.51379,-56.64486,2023/2024
135,63,Talhão 135,Cana-de-açúcar,154.1,-23.48204,-56.70668,2023/2024
136,63,Talhão 136,Cana-de-açúcar,513.4,-23.96078,-56.34522,2023/2024
137,64,Talhão 137,Milho,84.1,-22.37071,-52.98071,2025/2026
138,65,Talhão 138,Soja,806.9,-22.78775,-54.53514,2025/2026
139,65,Talhão 139,Cana-de-açúcar,587.4,-22.36776,-55.06159,2024/2025
140,65,Talhão 140,Milho,327.1,-22.74253,-54.58472,2024/2025
141,66,Talhão 141,Cana-de-açúcar,945.1,-21.57215,-51.56756,2025/2026
142,66,Talhão 142,Milho,344.9,-21.37599,-52.19437,2025/2026
143,66,Talhão 143,Soja,733.7,-21.34414,-51.72552,2025/2026
144,67,Talhão 144,Milho,524.2,-20.64055,-53.07074,2024/2025
145,67,Talhão 145,Milho,669.8,-20.37855,-52.95752,2023/2024
146,68,Talhão 146,Soja,523.3,-20.34815,-56.31016,2023/2024
147,68,Talhão 147,Milho,279.8,-20.27552,-56.01571,2025/2026
148,68,Talhão 148,Soja,825.0,-20.32097,-56.29476,2025/2026
149,69,Talhão 149,Milho,423.2,-11.85478,-47.42384,2025/2026
150,70,Talhão 150,Milho,506.8,-10.44027,-48.97766,2023/2024
151,71,Talhão 151,Soja,357.2,-10.6968,-46.8112,2024/2025
152,71,Talhão 152,Milho,554.9,-10.61703,-46.86191,2023/2024
153,71,Talhão 153,Soja,184.4,-10.58186,-46.44961,2024/2025
154,72,Talhão 154,Milho,329.4,-10.44409,-47.79038,2024/2025
155,73,Talhão 155,Milho,664.5,-7.24469,-49.95443,2024/2025
156,74,Talhão 156,Soja,455.2,-9.2473,-47.76521,2023/2024
157,74,Talhão 157,Milho,610.1,-9.80104,-48.31644,2023/2024
158,74,Talhão 158,Milho,424.2,-9.42927,-47.83291,2024/2025
159,75,Talhão 159,Soja,405.0,-6.23023,-47.61162,2024/2025
160,75,Talhão 160,Soja,372.7,-6.08715,-47.67894,2024/2025
161,76,Talhão 161,Milho,522.8,-9.35431,-46.52418,2023/2024
162,76,Talhão 162,Soja,175.7,-9.78949,-46.67302,2025/2026
